{
  "zona": "teatinos",
  "tiles": [
    {
      "name": "tile_teatinos_1",
      "zoom": 14,
      "x": 7988,
      "y": 6393,
      "corners_0": [-4.482421875, 36.721273880045],
      "corners_1": [-4.482421875, 36.70365959719454],
      "corners_2": [-4.46044921875, 36.70365959719454],
      "corners_3": [-4.46044921875, 36.721273880045]
    },
    {
      "name": "tile_teatinos_2",
      "zoom": 14,
      "x": 7988,
      "y": 6393,
      "corners_0": [-4.482421875, 36.73888412439431],
      "corners_1": [-4.482421875, 36.721273880045],
      "corners_2": [-4.46044921875, 36.721273880045],
      "corners_3": [-4.46044921875, 36.73888412439431]
    }
  ]
}