{
  "zona": "soho",
  "tiles": [
    {
      "name": "tile_soho_1",
      "zoom": 16,
      "x": 31962,
      "y": 25573,
      "corners_0": [-4.427490234375, 36.71687068791304],
      "corners_1": [-4.427490234375, 36.71246724338627],
      "corners_2": [-4.4219970703125, 36.71246724338627],
      "corners_3": [-4.4219970703125, 36.71687068791304]
    },
    {
      "name": "tile_soho_2",
      "zoom": 16,
      "x": 31963,
      "y": 25573,
      "corners_0": [-4.4219970703125, 36.71687068791304],
      "corners_1": [-4.4219970703125, 36.71246724338627],
      "corners_2": [-4.41650390625, 36.71246724338627],
      "corners_3": [-4.41650390625, 36.71687068791304]
    },
    {
      "name": "tile_soho_3",
      "zoom": 16,
      "x": 31962,
      "y": 25572,
      "corners_0": [-4.427490234375, 36.721273880045],
      "corners_1": [-4.427490234375, 36.7168706879130],
      "corners_2": [-4.4219970703125, 36.71687068791304],
      "corners_3": [-4.4219970703125, 36.721273880045]
    },
    {
      "name": "tile_soho_4",
      "zoom": 16,
      "x": 31963,
      "y": 25572,
      "corners_0": [-4.4219970703125, 36.721273880045],
      "corners_1": [-4.4219970703125, 36.71687068791304],
      "corners_2": [-4.41650390625, 36.71687068791304],
      "corners_3": [-4.41650390625, 36.721273880045]
    }
  ]
}